cid	family7	fam_count	bucket_size	in_bucket	unlock_class	urls
A2SB000A	A2SB000	0	0	False	NOT IN BUCKET (no cipher to anchor)	https://ecutune.shop/downloads/a2sb000a-6204504007-e2-sap_tgv_off-chk-ok/
A2TB100A	A2TB100	0	0	False	NOT IN BUCKET (no cipher to anchor)	https://ecutune.shop/downloads/a2tb100a-5204504007-e2-sap_off-chk-ok/
A2TB100K	A2TB100	0	0	False	NOT IN BUCKET (no cipher to anchor)	https://ecutune.shop/downloads/a2tb100k-5204784007-stage1-e2-sap_off-splim250-chk-ok/
A2TB100U	A2TB100	0	0	False	NOT IN BUCKET (no cipher to anchor)	https://ecutune.shop/downloads/a2tb100u-5104584007-stage1-e2-sap_evap_tgv_off-immo_off-chk-ok/
A2TB100V	A2TB100	0	0	False	NOT IN BUCKET (no cipher to anchor)	https://ecutune.shop/downloads/a2tb100v-33092304-5104504007-e2-sap_off-p0600_off-chk-ok/
A2WC000E	A2WC000	0	0	False	NOT IN BUCKET (no cipher to anchor)	https://ecutune.shop/downloads/a2wc000e-3b02594006-stage1-e2-immo_off-chk-ok/
A2WC400I	A2WC400	0	0	False	NOT IN BUCKET (no cipher to anchor)	https://ecutune.shop/downloads/a2wc400i-3b12584006-immo_off-chk-ok/
A2WD001B	A2WD001	0	0	False	NOT IN BUCKET (no cipher to anchor)	https://ecutune.shop/downloads/a2wd001b-3c04784106-stage1-immo_off-splim250-chk-ok/
A2ZJ500F	A2ZJ500	0	0	False	NOT IN BUCKET (no cipher to anchor)	https://ecutune.shop/downloads/a2zj500f-3144504006-stage1-e2-tgv_evap_off-chk-ok/
A2ZJA00P	A2ZJA00	0	0	False	NOT IN BUCKET (no cipher to anchor)	https://ecutune.shop/downloads/a2zja00p-3b44503006-e0-tgv_off-chk-ok/
A2ZJD00A	A2ZJD00	0	0	False	NOT IN BUCKET (no cipher to anchor)	https://ecutune.shop/downloads/a2zjd00a-2f04505406-immo_off-chk-ok-2/
A2ZJD01A	A2ZJD01	0	0	False	NOT IN BUCKET (no cipher to anchor)	https://ecutune.shop/downloads/a2zjd01a-2f04505506-stage1-e2-splim250-immo_off-chk-ok/
A4RG050M	A4RG050	0	0	False	NOT IN BUCKET (no cipher to anchor)	https://ecutune.shop/downloads/a4rg050m-2904445205-tune-e2/
A4RI400I	A4RI400	0	0	False	NOT IN BUCKET (no cipher to anchor)	https://ecutune.shop/downloads/a4ri400i-3b04484005-tune-e2/
A4RL100J	A4RL100	0	0	False	NOT IN BUCKET (no cipher to anchor)	https://ecutune.shop/downloads/a4rl100j-2a44506005-stage1-e2-tgv_off-egt_off-boost1-2/
A8DK100P	A8DK100	0	0	False	NOT IN BUCKET (no cipher to anchor)	https://ecutune.shop/downloads/a8dk100p-4e42504007-stage1-e2-sap_tgv_off-chk-ok/
A8DK100Y	A8DK100	0	0	False	NOT IN BUCKET (no cipher to anchor)	https://ecutune.shop/downloads/a8dk100y-4d42584006-immo_off-chk-ok/
A8DK100Z	A8DK100	0	0	False	NOT IN BUCKET (no cipher to anchor)	https://ecutune.shop/downloads/a8dk100z-4d42594006-stage1-e2-sap_off-immo_off-chk-ok/
AE5F300B	AE5F300	0	0	False	NOT IN BUCKET (no cipher to anchor)	https://ecutune.shop/downloads/ae5f300b-5b025a4007-immo_off-chk-ok/
AE5I411A	AE5I411	0	0	False	NOT IN BUCKET (no cipher to anchor)	https://ecutune.shop/downloads/ae5i411a-7502567107-stage1-e2-chk-ok/
AE5Z000V	AE5Z000	0	0	False	NOT IN BUCKET (no cipher to anchor)	https://ecutune.shop/downloads/ae5z000v-b22a904107-stage1-evap_off-chk-ok/
AF5F100A	AF5F100	1	1573888	True	LIKELY FAMILY-SHARED (untested — unlocks up to 1)	https://ecutune.shop/downloads/af5f100a-80045c6007-tune-e2-egr_off-splim_cruise_250-chk-ok/
AZ1G101R	AZ1G101	0	0	False	NOT IN BUCKET (no cipher to anchor)	https://ecutune.shop/downloads/az1g101r-5c12504007-e2-sap_off-chk-ok/
AZ1G104L	AZ1G104	0	0	False	NOT IN BUCKET (no cipher to anchor)	https://ecutune.shop/downloads/az1g104l-5c04505107-e2-chk-ok/
AZ1G202G	AZ1G202	0	0	False	NOT IN BUCKET (no cipher to anchor)	https://ecutune.shop/downloads/az1g202g-5a42784207-immo_off-chk-ok/
AZ1G600P	AZ1G600	0	0	False	NOT IN BUCKET (no cipher to anchor)	https://ecutune.shop/downloads/az1g600p-6cf250400-immo_off-chk-ok/
AZ1G900O	AZ1G900	0	0	False	NOT IN BUCKET (no cipher to anchor)	https://ecutune.shop/downloads/az1g900o-7142584007-stage1-e2-sap_off-splim250-chk-ok/
AZ1H102W	AZ1H102	0	0	False	NOT IN BUCKET (no cipher to anchor)	https://ecutune.shop/downloads/az1h102w-6304504107-stage1-e2-sap_tgv_off-splim250/
AZ1J200P	AZ1J200	0	0	False	NOT IN BUCKET (no cipher to anchor)	https://ecutune.shop/downloads/az1j200p-6c04514007-e2-sap_off-immo_off-chk-ok/
AZ1J500L	AZ1J500	0	0	False	NOT IN BUCKET (no cipher to anchor)	https://ecutune.shop/downloads/az1j500l-7104584007-e2-sap_off-immo_off-chk-ok/
D1524EC0	D1524EC	0	0	False	NOT IN BUCKET (no cipher to anchor)	https://ecutune.shop/downloads/d1524ec0-4b44304006-egr_off-sap_off-chk-fix/
D22F4EA2	D22F4EA	0	0	False	NOT IN BUCKET (no cipher to anchor)	https://ecutune.shop/downloads/d22f4ea2-5c44304007-egr_off-chk-fix/
D24S4DA9	D24S4DA	0	0	False	NOT IN BUCKET (no cipher to anchor)	https://ecutune.shop/downloads/d24s4da9-6304307307-stage1-egr_off-nochk/|https://ecutune.shop/downloads/d24s4da9-6304307307-stage1-nochk/
D2PH410Q	D2PH410	0	0	False	NOT IN BUCKET (no cipher to anchor)	https://ecutune.shop/downloads/d2ph410q-4b0a377007-stage1-e2-egr_off-chk-ok/
D2PH501Q	D2PH501	0	0	False	NOT IN BUCKET (no cipher to anchor)	https://ecutune.shop/downloads/d2ph501q-4b0a378007-e2-chk-ok/
D2TB201R	D2TB201	0	0	False	NOT IN BUCKET (no cipher to anchor)	https://ecutune.shop/downloads/d2tb201r-524a344007-immo_off-chk-ok/
D2UG102D	D2UG102	0	0	False	NOT IN BUCKET (no cipher to anchor)	https://ecutune.shop/downloads/d2ug102d-4c4a354007-e2-chk-ok/
D2UG102G	D2UG102	0	0	False	NOT IN BUCKET (no cipher to anchor)	https://ecutune.shop/downloads/d2ug102g-4caa344007-immo_off-chk-ok/
D2UH003R	D2UH003	0	0	False	NOT IN BUCKET (no cipher to anchor)	https://ecutune.shop/downloads/d2uh003r-4b4a346107-stage1-e2-egr_off-fancorr_9295_9698-chk-ok/
D2UJ001F	D2UJ001	0	0	False	NOT IN BUCKET (no cipher to anchor)	https://ecutune.shop/downloads/d2uj001f-4c4a347007-immo_off-chk-ok/|https://ecutune.shop/downloads/d2uj001f-4c4a347007-e2-fancorr_9193_9395-chk-ok/
D2UK001Q	D2UK001	0	0	False	NOT IN BUCKET (no cipher to anchor)	https://ecutune.shop/downloads/d2uk001q-4b0a368007-stage1-e2-egr_off-immo_off-chk-ok/|https://ecutune.shop/downloads/d2uk001q-4b0a368007-immo_off-chk-ok/
D2WD604A	D2WD604	0	0	False	NOT IN BUCKET (no cipher to anchor)	https://ecutune.shop/downloads/d2wd604a-3c0a384206-stage1-e2-chk-ok/
D2WD701C	D2WD701	0	0	False	NOT IN BUCKET (no cipher to anchor)	https://ecutune.shop/downloads/d2wd701c-3c4a384106-stage1-e2-egr_off-chk-ok/
D2ZR003A	D2ZR003	0	0	False	NOT IN BUCKET (no cipher to anchor)	https://ecutune.shop/downloads/d2zr003a-2f0a366106-splim250-chk-ok/|https://ecutune.shop/downloads/d2zr003a-2f0a36610-e2-idle700-chk-ok/
D2ZU002A	D2ZU002	0	0	False	NOT IN BUCKET (no cipher to anchor)	https://ecutune.shop/downloads/d2zu002a-2f0a367006-stage1-e2-splim250-fancorr_9093_9296-chk-ok/
D2ZX100B	D2ZX100	0	0	False	NOT IN BUCKET (no cipher to anchor)	https://ecutune.shop/downloads/d2zx100b-2f1a357106-stage1-fancorr_9395_9598-chk-ok/|https://ecutune.shop/downloads/d2zx100b-2f1a357106-fancorr-chk-ok/
D2ZZ001C	D2ZZ001	0	0	False	NOT IN BUCKET (no cipher to anchor)	https://ecutune.shop/downloads/d2zz001c-3c4a344006-immo_off-chk-ok/
D2ZZ100C	D2ZZ100	0	0	False	NOT IN BUCKET (no cipher to anchor)	https://ecutune.shop/downloads/d2zz100c-3c4a347116-e2-egr_evap_off-chk-ok/
D2ZZ100E	D2ZZ100	0	0	False	NOT IN BUCKET (no cipher to anchor)	https://ecutune.shop/downloads/d2zz100e-3c4a357116-stage1-e2-egr_off-chk-ok/
D3167DM7	D3167DM	0	0	False	NOT IN BUCKET (no cipher to anchor)	https://ecutune.shop/downloads/d3167dm7-4d07206206-e2-egr_off-chk-fix/
D3167ECB	D3167EC	0	0	False	NOT IN BUCKET (no cipher to anchor)	https://ecutune.shop/downloads/d3167ecb-4d47306606-immo_off/
D44Z2KS8	D44Z2KS	0	0	False	NOT IN BUCKET (no cipher to anchor)	https://ecutune.shop/downloads/d44z2ks8-2f72107106-stage1-e2-chk-fix/
D50R7DM8	D50R7DM	0	0	False	NOT IN BUCKET (no cipher to anchor)	https://ecutune.shop/downloads/d50r7dm8-5107387207-immo_off-chk-fix/
D50Z4AC5	D50Z4AC	0	0	False	NOT IN BUCKET (no cipher to anchor)	https://ecutune.shop/downloads/d50z4ac5-5b343c7007-sap_off-chk-fix/
D50Z4EC5	D50Z4EC	0	0	False	NOT IN BUCKET (no cipher to anchor)	https://ecutune.shop/downloads/d50z4ec5-5b443c7007-sap_off-nochk/
D5534CR0	D5534CR	0	0	False	NOT IN BUCKET (no cipher to anchor)	https://ecutune.shop/downloads/d5534cr0-454430a006-egr_off-chk-fix/|https://ecutune.shop/downloads/d5534cr0-454430a006-sap_off-egr_off-chk-fix/
D55P4AM5	D55P4AM	0	0	False	NOT IN BUCKET (no cipher to anchor)	https://ecutune.shop/downloads/d55p4am5-6e54387107-e2-egr_off-chk-fix/
D55P7EA5	D55P7EA	0	0	False	NOT IN BUCKET (no cipher to anchor)	https://ecutune.shop/downloads/d55p7ea5-6e47307107-egr_off-chk-fix/
D70W4EC2	D70W4EC	0	0	False	NOT IN BUCKET (no cipher to anchor)	https://ecutune.shop/downloads/d70w4ec2-3c44106006-e2-chk-fix/
DE5F300F	DE5F300	0	0	False	NOT IN BUCKET (no cipher to anchor)	https://ecutune.shop/downloads/de5f300f-5b0b364007-immo_off-chk-ok/
DE5F400E	DE5F400	0	0	False	NOT IN BUCKET (no cipher to anchor)	https://ecutune.shop/downloads/de5f400e-5b9b364007-e2-egr_off-chk-ok/|https://ecutune.shop/downloads/de5f400e-5b9b364007-stage1-chk-ok/
DE5I500B	DE5I500	0	0	False	NOT IN BUCKET (no cipher to anchor)	https://ecutune.shop/downloads/de5i500b-754b364007-stage1-e2-chk-ok/
DE5IB40B	DE5IB40	0	0	False	NOT IN BUCKET (no cipher to anchor)	https://ecutune.shop/downloads/de5ib40b-752b367307-stage1-e2-evap_off-chk-ok/
DE5K411G	DE5K411	2	1049600	True	LIKELY FAMILY-SHARED (untested — unlocks up to 2)	https://ecutune.shop/downloads/de5k411g-7c1b367007-immo_off-chk-ok/
DE5K800B	DE5K800	0	0	False	NOT IN BUCKET (no cipher to anchor)	https://ecutune.shop/downloads/de5k800b-7c2b367107-splim250-chk-ok/
DE5M100S	DE5M100	1	1049600	True	LIKELY FAMILY-SHARED (untested — unlocks up to 1)	https://ecutune.shop/downloads/de5m100s-7e9b344007-stage1-e2-egr_off-chk-ok/
DZ1E103B	DZ1E103	1	1049600	True	LIKELY FAMILY-SHARED (untested — unlocks up to 1)	https://ecutune.shop/downloads/dz1e103b-571b346107-stage1-e2-egr_off-chk-ok/
E2TB101L	E2TB101	0	0	False	NOT IN BUCKET (no cipher to anchor)	https://ecutune.shop/downloads/e2tb101l-5242164007-e2-egr_off-idle750-chk-ok/|https://ecutune.shop/downloads/e2tb101l-5242164007-e2-egr_off-fancorr_9093_9298-chk-ok/
E2UE100C	E2UE100	0	0	False	NOT IN BUCKET (no cipher to anchor)	https://ecutune.shop/downloads/e2ue100c-4b42164007-tune-e2-chk-ok/|https://ecutune.shop/downloads/e2ue100c-4b42164007-tune-idle700-chk-ok/
E2UE101I	E2UE101	0	0	False	NOT IN BUCKET (no cipher to anchor)	https://ecutune.shop/downloads/e2ue101i-4e12047007-stage1-e2-egr_evap_off-chk-ok/
E2VG211D	E2VG211	0	0	False	NOT IN BUCKET (no cipher to anchor)	https://ecutune.shop/downloads/e2vg211d-4212047006-stage1-e2-egr_evap_off-chk-ok/
E2WD201C	E2WD201	0	0	False	NOT IN BUCKET (no cipher to anchor)	https://ecutune.shop/downloads/e2wd201c-3c421a4006-immo_off-chk-ok/
E2WD300C	E2WD300	0	0	False	NOT IN BUCKET (no cipher to anchor)	https://ecutune.shop/downloads/e2wd300c-3c42167116-e2-egr_off-chk-ok/
E2WD600E	E2WD600	0	0	False	NOT IN BUCKET (no cipher to anchor)	https://ecutune.shop/downloads/e2wd600e-3c04017416-tune-e2-egr_off-chk-ok/
E2ZD508C	E2ZD508	0	0	False	NOT IN BUCKET (no cipher to anchor)	https://ecutune.shop/downloads/e2zd508c-2f421a6106-immo_off-chk-ok/|https://ecutune.shop/downloads/e2zd508c-2f421a6106-tune-e2-egr_off-chk-ok/
E2ZD509C	E2ZD509	0	0	False	NOT IN BUCKET (no cipher to anchor)	https://ecutune.shop/downloads/e2zd509c-2f42167106-tune-e2-egr_off-chk-ok/
E2ZJ121A	E2ZJ121	0	0	False	NOT IN BUCKET (no cipher to anchor)	https://ecutune.shop/downloads/e2zj121a-2f22044306-tune-e2-egr_evap_off-idle750-chk-ok/
E2ZJ121B	E2ZJ121	0	0	False	NOT IN BUCKET (no cipher to anchor)	https://ecutune.shop/downloads/e2zj121b-2f12044306-stage1-e2-egr_off-chk-ok/
EA1M200I	EA1M200	0	0	False	NOT IN BUCKET (no cipher to anchor)	https://ecutune.shop/downloads/ea1m200i-8034384007-stage1-e2-egr_tgv_off-chk-ok/
EA1M201F	EA1M201	7	1311488	True	LIKELY FAMILY-SHARED (untested — unlocks up to 7)	https://ecutune.shop/downloads/ea1m201f-80323c5007-fancorrect_8790_9092-chk-ok/|https://ecutune.shop/downloads/ea1m201f-80323c5007-idle800-chk-ok/
EA1M201J	EA1M201	7	1311488	True	LIKELY FAMILY-SHARED (untested — unlocks up to 7)	https://ecutune.shop/downloads/ea1m201j-80343c7007-e2-egr_off-chk-ok/
EA1M201L	EA1M201	7	1311488	True	LIKELY FAMILY-SHARED (untested — unlocks up to 7)	https://ecutune.shop/downloads/ea1m201l-80443d7007-e2-chk-ok/
EA1M203I	EA1M203	0	0	False	NOT IN BUCKET (no cipher to anchor)	https://ecutune.shop/downloads/ea1m203i-8034387207-tgv_off-chk-ok/
EA1M220F	EA1M220	6	1311488	True	LIKELY FAMILY-SHARED (untested — unlocks up to 6)	https://ecutune.shop/downloads/ea1m220f-80323c7107-stage1-e2-fancorr-chk-ok/
EA1M220J	EA1M220	6	1311488	True	LIKELY FAMILY-SHARED (untested — unlocks up to 6)	https://ecutune.shop/downloads/ea1m220j-80343c7207-stage1-chk-ok/
EA1M220K	EA1M220	6	1311488	True	LIKELY FAMILY-SHARED (untested — unlocks up to 6)	https://ecutune.shop/downloads/ea1m220k-8044397207-e2-chk-ok/
EA1M500B	EA1M500	3	1311488	True	LIKELY FAMILY-SHARED (untested — unlocks up to 3)	https://ecutune.shop/downloads/ea1m500b-80223c7007-egr_off-chk-ok/
EA1M701A	EA1M701	3	1311488	True	LIKELY FAMILY-SHARED (untested — unlocks up to 3)	https://ecutune.shop/downloads/ea1m701a-9222387007-stage1-e2-chk-ok/
EA1M702B	EA1M702	2	1311488	True	LIKELY FAMILY-SHARED (untested — unlocks up to 2)	https://ecutune.shop/downloads/ea1m702b-92223c7107-stage1-chk-ok/
EA1T300K	EA1T300	10	1311488	True	LIKELY FAMILY-SHARED (untested — unlocks up to 10)	https://ecutune.shop/downloads/ea1t300k-a101417107-stage1-e2-egr_off-chk-ok/|https://ecutune.shop/downloads/ea1t300k-a101417107-e2-chk-ok/
EA1U210B	EA1U210	4	1311488	True	LIKELY FAMILY-SHARED (untested — unlocks up to 4)	https://ecutune.shop/downloads/ea1u210b-a821414007-stage1-chk-ok/
EA1W400Q	EA1W400	1	1311488	True	LIKELY FAMILY-SHARED (untested — unlocks up to 1)	https://ecutune.shop/downloads/ea1w400q-b769404007-stage1-chk-ok/
EA1W601E	EA1W601	2	1311488	True	LIKELY FAMILY-SHARED (untested — unlocks up to 2)	https://ecutune.shop/downloads/ea1w601e-ba69407007-stage1-e2-egr_off-chk-ok/
EB4G401B	EB4G401	0	0	False	NOT IN BUCKET (no cipher to anchor)	https://ecutune.shop/downloads/eb4g401b-a02a407007-e2-chk-ok/
EB4G700C	EB4G700	1	1311488	True	LIKELY FAMILY-SHARED (untested — unlocks up to 1)	https://ecutune.shop/downloads/eb4g700c-a022408007-egr_tgv_off-chk-ok/
EB4GA00E	EB4GA00	4	1311488	True	LIKELY FAMILY-SHARED (untested — unlocks up to 4)	https://ecutune.shop/downloads/eb4ga00e-a062417207-e2-chk-ok/
EB4GA00F	EB4GA00	4	1311488	True	LIKELY FAMILY-SHARED (untested — unlocks up to 4)	https://ecutune.shop/downloads/eb4ga00f-a06a407007-e2-chk-ok/
EB4GA00K	EB4GA00	4	1311488	True	LIKELY FAMILY-SHARED (untested — unlocks up to 4)	https://ecutune.shop/downloads/eb4ga00k-a002407107-stage1-splim250-chk-ok/
EB4I310B	EB4I310	0	0	False	NOT IN BUCKET (no cipher to anchor)	https://ecutune.shop/downloads/eb4i310b-ab2a404007-stage1-evap_off-chk-ok/
EB4I500C	EB4I500	2	1311488	True	LIKELY FAMILY-SHARED (untested — unlocks up to 2)	https://ecutune.shop/downloads/eb4i500c-b422403007-evap_off-chk-ok/
EB4I501F	EB4I501	2	1311488	True	LIKELY FAMILY-SHARED (untested — unlocks up to 2)	https://ecutune.shop/downloads/eb4i501f-b46a407007-e2-egr_off-chk-ok/
EB4I503B	EB4I503	0	0	False	NOT IN BUCKET (no cipher to anchor)	https://ecutune.shop/downloads/eb4i503b-b42a407107-immo_off-chk-ok/
EB4I504C	EB4I504	0	0	False	NOT IN BUCKET (no cipher to anchor)	https://ecutune.shop/downloads/eb4i504c-b422407307-stage1-e2-egr_evap_off-chk-ok/
EB4P001A	EB4P001	2	1311488	True	LIKELY FAMILY-SHARED (untested — unlocks up to 2)	https://ecutune.shop/downloads/eb4p001a-ba01404107-stage1-egr_off-chk-ok/
EB4R000K	EB4R000	3	1311488	True	LIKELY FAMILY-SHARED (untested — unlocks up to 3)	https://ecutune.shop/downloads/eb4r000k-b502403007-stage1-e2-splim250-chk-ok/
EB4R001F	EB4R001	2	1311488	True	LIKELY FAMILY-SHARED (untested — unlocks up to 2)	https://ecutune.shop/downloads/eb4r001f-b5d2403107-e2-egr_off-fancorr_90_95-chk-ok/|https://ecutune.shop/downloads/eb4r001f-b5d2403107-stage1-chk-ok/
EB4V700E	EB4V700	0	0	False	NOT IN BUCKET (no cipher to anchor)	https://ecutune.shop/downloads/eb4v700e-c462407107-stage1-e2-chk-ok/
EE5F300B	EE5F300	0	0	False	NOT IN BUCKET (no cipher to anchor)	https://ecutune.shop/downloads/ee5f300b-5b321a4007-idle750-fancorrect_8891_9194-chk-ok/
EE5F300K	EE5F300	2	1049600	True	LIKELY FAMILY-SHARED (untested — unlocks up to 2)	https://ecutune.shop/downloads/ee5f300k-5b02164007-stage1-e2-egr_off-splim250-cruise200-fancorr-chk-ok/|https://ecutune.shop/downloads/ee5f300k-5b02164007-fancorr-chk-ok/
EE5F500B	EE5F500	1	1049600	True	LIKELY FAMILY-SHARED (untested — unlocks up to 1)	https://ecutune.shop/downloads/ee5f500b-5b321a7007-stage1-e2-egr_off-chk-ok/
EE5I400K	EE5I400	1	1049600	True	LIKELY FAMILY-SHARED (untested — unlocks up to 1)	https://ecutune.shop/downloads/ee5i400k-7502164007-stage1-e2-egr_off-splim250-cruise200-chk-ok/
EE5I500A	EE5I500	0	0	False	NOT IN BUCKET (no cipher to anchor)	https://ecutune.shop/downloads/ee5i500a-7532164007-e2-idle750-chk-ok/
EE5I500B	EE5I500	0	0	False	NOT IN BUCKET (no cipher to anchor)	https://ecutune.shop/downloads/ee5i500b-75321a4007-stage1-e2-egr_off-fancorr_9091_9495-idle750-chk-ok/
EE5I921T	EE5I921	0	0	False	NOT IN BUCKET (no cipher to anchor)	https://ecutune.shop/downloads/ee5i921t-7522168107-e2-chk-ok/
EE5IA11T	EE5IA11	1	1049600	True	LIKELY FAMILY-SHARED (untested — unlocks up to 1)	https://ecutune.shop/downloads/ee5ia11t-7522167207-idle750-fancorr_9092_9495-splim250-chk-ok/
EE5IA11V	EE5IA11	0	0	False	NOT IN BUCKET (no cipher to anchor)	https://ecutune.shop/downloads/ee5ia11v-7512167207-e2-chk-ok/
EE5IB20T	EE5IB20	0	0	False	NOT IN BUCKET (no cipher to anchor)	https://ecutune.shop/downloads/ee5ib20t-7522167307-stage1-e2-egr_off-chk-ok/
EE5K411V	EE5K411	1	1049600	True	LIKELY FAMILY-SHARED (untested — unlocks up to 1)	https://ecutune.shop/downloads/ee5k411v-7c12167007-e2-chk-ok/
EE5K412T	EE5K412	0	0	False	NOT IN BUCKET (no cipher to anchor)	https://ecutune.shop/downloads/ee5k412t-7c22167107-stage1-e2-egr_off-chk-ok/
EH3J2H0B	EH3J2H0	0	0	False	NOT IN BUCKET (no cipher to anchor)	https://ecutune.shop/downloads/eh3j2h0b-aa00427707-stage1-e2-cruise214-nochk/
EH3N500B	EH3N500	4	1573632	True	LIKELY FAMILY-SHARED (untested — unlocks up to 4)	https://ecutune.shop/downloads/eh3n500b-c500427007-stage1-egr_off-splim250-cruise250-nochk/
EM2E102N	EM2E102	1	1311488	True	LIKELY FAMILY-SHARED (untested — unlocks up to 1)	https://ecutune.shop/downloads/em2e102n-88043f7007-stage1-e2-egr_off-cruise200-fancorr-chk-ok/
EM2J000J	EM2J000	2	1311488	True	LIKELY FAMILY-SHARED (untested — unlocks up to 2)	https://ecutune.shop/downloads/em2j000j-ae01403007-stage1-e2-egr_off-chk-ok/
EP5D003R	EP5D003	1	1049600	True	LIKELY FAMILY-SHARED (untested — unlocks up to 1)	https://ecutune.shop/downloads/ep5d003r-7104345007-stage1-chk-ok/
EP5D004L	EP5D004	2	1049600	True	LIKELY FAMILY-SHARED (untested — unlocks up to 2)	https://ecutune.shop/downloads/ep5d004l-7144345007-stage1-chk-ok/
EP5D202M	EP5D202	0	0	False	NOT IN BUCKET (no cipher to anchor)	https://ecutune.shop/downloads/ep5d202m-7152385007-evap_off-chk-ok/
EP5D202N	EP5D202	7	1049600	True	LIKELY FAMILY-SHARED (untested — unlocks up to 7)	https://ecutune.shop/downloads/ep5d202n-7152345007-stage1-e2-fancorr_9093_9298-chk-ok/
EP5D202W	EP5D202	7	1049600	True	LIKELY FAMILY-SHARED (untested — unlocks up to 7)	https://ecutune.shop/downloads/ep5d202w-7134385007-e2-chk-ok/
EP5D202X	EP5D202	7	1049600	True	LIKELY FAMILY-SHARED (untested — unlocks up to 7)	https://ecutune.shop/downloads/ep5d202x-7134345007-stage1-e2-fancorr_9093_9296-idle750-chk-ok/
EP5D800B	EP5D800	1	1049600	True	LIKELY FAMILY-SHARED (untested — unlocks up to 1)	https://ecutune.shop/downloads/ep5d800b-7122347607-stage1-e2-egr_off-chk-ok/
EP5F300P	EP5F300	9	1049600	True	LIKELY FAMILY-SHARED (untested — unlocks up to 9)	https://ecutune.shop/downloads/ep5f300p-73363e4007-stage1-tgv_off-chk-ok/
EP5F301S	EP5F301	0	0	False	NOT IN BUCKET (no cipher to anchor)	https://ecutune.shop/downloads/ep5f301s-73343a7007-immo_off-chk-ok/
EP5GG00T	EP5GG00	3	1049600	True	LIKELY FAMILY-SHARED (untested — unlocks up to 3)	https://ecutune.shop/downloads/ep5gg00t-73343e7007-stage1-e2-fancorr_9095_9297-chk-ok/
EP5ID00P	EP5ID00	0	0	False	NOT IN BUCKET (no cipher to anchor)	https://ecutune.shop/downloads/ep5id00p-84463f7207-e2-chk-ok/
EP5L000J	EP5L000	0	0	False	NOT IN BUCKET (no cipher to anchor)	https://ecutune.shop/downloads/ep5l000j-91363e5007-stage1-tgv_off-chk-ok/|https://ecutune.shop/downloads/ep5l000j-91363e5007-stage1-e2-egr_off-chk-ok/
EP5L000W	EP5L000	15	1049600	True	LIKELY FAMILY-SHARED (untested — unlocks up to 15)	https://ecutune.shop/downloads/ep5l000w-91063d4007-stage1-e2-chk-ok/
EP5L200W	EP5L200	2	1049600	True	LIKELY FAMILY-SHARED (untested — unlocks up to 2)	https://ecutune.shop/downloads/ep5l200w-91063d7007-stage1-e2-egr_off-splim250-chk-ok/
EZ1G107N	EZ1G107	0	0	False	NOT IN BUCKET (no cipher to anchor)	https://ecutune.shop/downloads/ez1g107n-5c52184007-stage1-e2-egr_evap_off-fancorr_9094_9496-chk-ok/
EZ1G108L	EZ1G108	0	0	False	NOT IN BUCKET (no cipher to anchor)	https://ecutune.shop/downloads/ez1g108l-5c12144007-stage1-e2-egr_evap_off-splim250-idle750-chk-ok/
EZ1GB00L	EZ1GB00	0	0	False	NOT IN BUCKET (no cipher to anchor)	https://ecutune.shop/downloads/ez1gb00l-5c12148007-stage1-e2-egr_off-coolstartcorrect-immo_off-chk-ok/
EZ1GB20I	EZ1GB20	2	1049600	True	LIKELY FAMILY-SHARED (untested — unlocks up to 2)	https://ecutune.shop/downloads/ez1gb20i-5c22188107-e2-egr_off-chk-ok/
EZ1GC00B	EZ1GC00	4	1049600	True	LIKELY FAMILY-SHARED (untested — unlocks up to 4)	https://ecutune.shop/downloads/ez1gc00b-5222168007-stage1-e2-egr_off-chk-ok/
JB4J102B	JB4J102	0	0	False	NOT IN BUCKET (no cipher to anchor)	https://ecutune.shop/downloads/jb4j102b-a061e07407-egr_off-nochk/
JB4K104B	JB4K104	0	0	False	NOT IN BUCKET (no cipher to anchor)	https://ecutune.shop/downloads/jb4k104b-a061e07807-dpf_egr_off-chk-ok/
JB4P002B	JB4P002	0	0	False	NOT IN BUCKET (no cipher to anchor)	https://ecutune.shop/downloads/jb4p002b-a061e07a07-dpf_egr_off-chk-ok/
JB4P003B	JB4P003	0	0	False	NOT IN BUCKET (no cipher to anchor)	https://ecutune.shop/downloads/jb4p003b-a061e07b07-egr_off-chk-ok/
JE5F231A	JE5F231	0	0	False	NOT IN BUCKET (no cipher to anchor)	https://ecutune.shop/downloads/je5f231a-5b44d87307-stock/
JE8E001B	JE8E001	0	0	False	NOT IN BUCKET (no cipher to anchor)	https://ecutune.shop/downloads/je8e001b-7e44dc4007-dpf_off-chk-ok/
JM4D102E	JM4D102	0	0	False	NOT IN BUCKET (no cipher to anchor)	https://ecutune.shop/downloads/jm4d102e-a161f17207-stage1-egr_off-chk-ok/
LF61600B	LF61600	1	1573888	True	LIKELY FAMILY-SHARED (untested — unlocks up to 1)	https://ecutune.shop/downloads/lf61600b-92145c7207-e2-chk-ok/
LF6A100D	LF6A100	0	0	False	NOT IN BUCKET (no cipher to anchor)	https://ecutune.shop/downloads/lf6a100d-92345c4007-stage1-e2-egr_tgv_off-chk-ok/
LF6A4Z0D	LF6A4Z0	1	1573888	True	LIKELY FAMILY-SHARED (untested — unlocks up to 1)	https://ecutune.shop/downloads/lf6a4z0d-80345c7307-stage1-chk-ok/
LF75300E	LF75300	11	2098176	True	FAMILY-SHARED (verified, unlocks 11 CIDs)	https://ecutune.shop/downloads/lf75300e-a601a07007-stage1-e2-splim_cruise_250-chk-ok/
LF76401R	LF76401	1	2098176	True	LIKELY FAMILY-SHARED (untested — unlocks up to 1)	https://ecutune.shop/downloads/lf76401r-a600a17407-stage1-splim250-95ron-chk-ok/
LF76500Q	LF76500	1	2098176	True	LIKELY FAMILY-SHARED (untested — unlocks up to 1)	https://ecutune.shop/downloads/lf76500q-a660a17307-stage1-95ron-egr_off-splim_cruise_250-chk-ok/
LF78001Z	LF78001	6	2098176	True	FAMILY-SHARED (verified, unlocks 6 CIDs)	https://ecutune.shop/downloads/lf78001z-b769a04007-egr_off-chk-ok/
LF79100P	LF79100	8	2098176	True	PER-CID-ONLY (verified, unlocks 1 CID)	https://ecutune.shop/downloads/lf79100p-b029b07007-e2-chk-ok/
LF79300U	LF79300	2	2098176	True	LIKELY PER-CID (FA-DIT newer, untested — unlocks ~1)	https://ecutune.shop/downloads/lf79300u-b000a17307-stage1-warmcatoff-splim_cruise_250-e2-egr_off-chk-ok/
LF79400U	LF79400	1	2098176	True	LIKELY PER-CID (FA-DIT newer, untested — unlocks ~1)	https://ecutune.shop/downloads/lf79400u-b000a17407-stage1-splim_cruise_250-chk-ok/|https://ecutune.shop/downloads/lf79400u-b000a17407-stage1-e2-egr_off-splimcruise250-nochk/
LF9B003U	LF9B003	1	2098176	True	LIKELY FAMILY-SHARED (untested — unlocks up to 1)	https://ecutune.shop/downloads/lf9b003u-b200a14007-warmcatoff-egr_off-chk-ok/|https://ecutune.shop/downloads/lf9b003u-b200a14007-stage1-splim250-chk-ok/|https://ecutune.shop/downloads/lf9b003u-b200a14007-stage1-95ron-warmcatoff-splim250-chk-ok/
LF9C000C	LF9C000	10	2098176	True	FAMILY-SHARED (verified, unlocks 10 CIDs)	https://ecutune.shop/downloads/lf9c000c-ba61a04007-p0420-off-chk-ok/
LF9C000F	LF9C000	10	2098176	True	FAMILY-SHARED (verified, unlocks 10 CIDs)	https://ecutune.shop/downloads/lf9c000f-ba69a04007-stage1-e2-egr_off-chk-ok/
LF9D000D	LF9D000	7	2622464	True	LIKELY PER-CID (FA-DIT newer, untested — unlocks ~1)	https://ecutune.shop/downloads/lf9d000d-c000a04007-stage1-e2-egr_off-splim_cruise_250-95ron-nochk/
LF9G002T	LF9G002	2	2622464	True	LIKELY PER-CID (FA-DIT newer, untested — unlocks ~1)	https://ecutune.shop/downloads/lf9g002t-cd29b07107-e2-evap_off-nochk/
LT8DB02A	LT8DB02	1	2622464	True	LIKELY FAMILY-SHARED (untested — unlocks up to 1)	https://ecutune.shop/downloads/lt8db02a-bb2ca07a07-e2-nochk/
LV9N303J	LV9N303	1	2098176	True	FAMILY-SHARED (verified, unlocks 1 CIDs)	https://ecutune.shop/downloads/lv9n303j-8b065e7907-stage1-egr_off-splim250-95ron-nochk/|https://ecutune.shop/downloads/lv9n303j-8b065e7907-stage1-e2-splim250-95ron-nochk/
LV9N340J	LV9N340	1	2098176	True	LIKELY PER-CID (FA-DIT newer, untested — unlocks ~1)	https://ecutune.shop/downloads/lv9n340j-8b065e7b07-stage1-95ron-warmcatoff-cruise150-splim250/|https://ecutune.shop/downloads/lv9n340j-8b065e7b07-stage1-95ron-e2-egr_off-splim_cruise_280-chk-ok/|https://ecutune.shop/downloads/lv9n340j-8b065e7b07-stage1-egr_off-splim_cruise_280-chk-ok/
XE1F201F	XE1F201	1	4064000	True	LIKELY FAMILY-SHARED (untested — unlocks up to 1)	https://ecutune.shop/downloads/xe1f201f-b602604007-stage1-nochk/
XE1F202A	XE1F202	3	4064000	True	LIKELY FAMILY-SHARED (untested — unlocks up to 3)	https://ecutune.shop/downloads/xe1f202a-b622604107-evap_off-nochk/
XE1F202G	XE1F202	3	4064000	True	LIKELY FAMILY-SHARED (untested — unlocks up to 3)	https://ecutune.shop/downloads/xe1f202g-b66a604107-stage1-egr_off-nochk/
XE1F500F	XE1F500	2	4064000	True	LIKELY FAMILY-SHARED (untested — unlocks up to 2)	https://ecutune.shop/downloads/xe1f500f-b602607007-stage1-nochk/
XE1FB00F	XE1FB00	2	4064000	True	LIKELY FAMILY-SHARED (untested — unlocks up to 2)	https://ecutune.shop/downloads/xe1fb00f-b602607207-stage1-egr_off-nochk/
XH3J2D0I	XH3J2D0	1	1573632	True	LIKELY FAMILY-SHARED (untested — unlocks up to 1)	https://ecutune.shop/downloads/xh3j2d0i-aa01627507-stage1-nochk/
XH3N600F	XH3N600	5	1573632	True	LIKELY FAMILY-SHARED (untested — unlocks up to 5)	https://ecutune.shop/downloads/xh3n600f-c521647307-e2-evap_off-p0606_off-nochk/
XS1L400C	XS1L400	1	1573632	True	LIKELY FAMILY-SHARED (untested — unlocks up to 1)	https://ecutune.shop/downloads/xs1l400c-b681607107-stage1-e2-egr_off-nochk/
ZA1JA00G	ZA1JA00	10	1311488	True	LIKELY FAMILY-SHARED (untested — unlocks up to 10)	https://ecutune.shop/downloads/za1ja00g-8644387007-e2-idle750-chk-ok/